{
    "vertices":[6.52209,2.81421,-2.38708,6.52209,2.81421,3.61292,-2.47777,-1.54499,3.61292,-2.47776,-1.54499,-2.38708,5.95493,3.98515,-2.38708,5.95493,3.98515,3.61292,-3.04493,-0.374046,3.61292,-3.04493,-0.374046,-2.38708],
    "normals":[0.771264,-0.267922,-0.577349,0.771264,-0.267922,0.577349,-0.267922,-0.771264,0.577349,-0.267922,-0.771264,-0.577349,0.267922,0.771264,-0.577349,-0.771264,0.267922,-0.577349,-0.771264,0.267922,0.577349,0.267922,0.771264,0.577349],
    "name":"CubeGeometry.3",
    "faces":[35,0,1,2,3,0,0,1,2,3,35,4,7,6,5,1,4,5,6,7,35,0,4,5,1,0,0,4,7,1,35,1,5,6,2,0,1,7,6,2,35,2,6,7,3,0,2,6,5,3,35,4,0,3,7,0,4,0,3,5],
    "materials":[{
        "vertexColors":false,
        "blending":"NormalBlending",
        "colorSpecular":[0.5,0.5,0.5],
        "DbgName":"Material",
        "specularCoef":50,
        "colorEmissive":[0,0,0],
        "transparent":false,
        "depthTest":true,
        "wireframe":false,
        "colorDiffuse":[0.8,0.038792,0.042854],
        "visible":true,
        "DbgIndex":0,
        "depthWrite":true,
        "shading":"phong",
        "DbgColor":15658734,
        "opacity":1
    },{
        "vertexColors":false,
        "blending":"NormalBlending",
        "colorSpecular":[0.5,0.5,0.5],
        "DbgName":"Material.001",
        "specularCoef":50,
        "colorEmissive":[0,0,0],
        "transparent":false,
        "depthTest":true,
        "wireframe":false,
        "colorDiffuse":[0.039323,0.082124,0.64],
        "visible":true,
        "DbgIndex":1,
        "depthWrite":true,
        "shading":"phong",
        "DbgColor":15597568,
        "opacity":1
    }],
    "uvs":[],
    "metadata":{
        "vertices":8,
        "materials":2,
        "colors":0,
        "normals":8,
        "type":"Geometry",
        "version":3,
        "uvs":0,
        "generator":"io_three",
        "faces":6
    },
    "colors":[]
}