{
    "metadata":{
        "normals":8,
        "generator":"io_three",
        "vertices":8,
        "type":"Geometry",
        "faces":6,
        "version":3,
        "uvs":0
    },
    "faces":[33,0,1,2,3,0,1,2,3,33,4,7,6,5,4,5,6,7,33,0,4,5,1,0,4,7,1,33,1,5,6,2,1,7,6,2,33,2,6,7,3,2,6,5,3,33,4,0,3,7,4,0,3,5],
    "normals":[0.577349,-0.577349,-0.577349,0.577349,-0.577349,0.577349,-0.577349,-0.577349,0.577349,-0.577349,-0.577349,-0.577349,0.577349,0.577349,-0.577349,-0.577349,0.577349,-0.577349,-0.577349,0.577349,0.577349,0.577349,0.577349,0.577349],
    "vertices":[1,-0.572465,-1,1,-0.572465,1,-1,-0.572465,1,-1,-0.572465,-1,1,1.42753,-1,0.999999,1.42753,1,-1,1.42753,1,-1,1.42753,-1],
    "name":"CubeGeometry",
    "uvs":[]
}